Date,Concurrent Name,Tier,New Blog Posts,Blog Topics,Vacature Count,Vacature Change %,Press Release,Activity Score,Content Opportunity,Analysis Notes
13-01-2025,Brunel Nederland,1,2,"AI recruitment, Skills gap evolution",450,5.2,TRUE,17,TRUE,Focus op AI-gedreven sourcing - nieuwe blog serie skills gap
13-01-2025,Yacht,1,1,Offshore renewable energy trends,380,3.1,FALSE,8,FALSE,Lage activiteit deze week - focus op offshore
13-01-2025,YER,1,3,"Tech talent shortage, Hybrid work policies, Upskilling programs",420,7.8,TRUE,20,TRUE,Zeer actief - 3 blogs + PR over talent shortage
14-01-2025,Synsel Techniek,2,1,Automation recruitment tips,280,2.4,FALSE,8,FALSE,Standaard content - geen bijzonderheden
14-01-2025,Time to Hire,2,0,N/A,310,-1.5,FALSE,0,FALSE,Geen activiteit - mogelijk holiday downtime
14-01-2025,Randstad Sourceright,1,2,"RPO trends 2025, Talent analytics",520,6.3,FALSE,12,FALSE,Focus op analytics en data-driven hiring
14-01-2025,Profound,2,1,Construction sector outlook,190,4.0,FALSE,9,FALSE,Niche focus construction - geen directe concurrent
