Week Number,Week Start Date,Deals Stalled,Pattern Sector,Pattern Region,Pattern Functiegroep,Vacancy Still Online %,Hypothesis,Reportable
3,15-01-2025,12,Automation,Gelderland,PLC Programmeur,75,Budgethold Q1 - hiring resumes Q2,TRUE
3,15-01-2025,8,Construction,Noord-Brabant,Werkvoorbereider Bouw,50,Positions filled internally,TRUE
3,15-01-2025,4,Manufacturing,Overijssel,Monteur Elektro,25,Salaris verwachtingen mismatch,FALSE
2,08-01-2025,6,Installation,Utrecht,Projectleider Elektro,60,Wachten op project start Q1,TRUE
2,08-01-2025,9,Metal,Gelderland,Constructeur,70,Candidate pool te klein - niche skills,TRUE
2,08-01-2025,3,HVAC,Noord-Brabant,Servicemonteur,40,Concurrent sneller reageren,FALSE
